<?xml version='1.0' standalone='yes'?>
<contents>
  <componentFiles>license_manager_licenses_common_1700443235.enc</componentFiles>
  <componentFiles>matlab_license_common_1707126585.enc</componentFiles>
  <componentFiles>version_info_common_1719255497.enc</componentFiles>
  <componentFiles>3p/flexnet_license_server_common_1700435026.enc</componentFiles>
  <definitions>license_manager_licenses_common_1700443235.json</definitions>
  <definitions>matlab_license_common_1707126585.json</definitions>
  <definitions>version_info_common_1719255497.json</definitions>
  <definitions>3p/flexnet_license_server_common_1700435026.json</definitions>
  <definitions>productdata_Network_License_Manager241_common.xml</definitions>
</contents>
