<?xml version='1.0' standalone='yes'?>
<productData>
  <altDependencies>
  </altDependencies>
  <dependsOn>
    <component>
      <name>license_manager_licenses_common</name>
      <componentBaseName>license_manager_licenses</componentBaseName>
      <componentFileName>license_manager_licenses_common_1700443235.enc</componentFileName>
      <contentType>common</contentType>
      <demo>0</demo>
      <doc>0</doc>
      <doc_build>0</doc_build>
      <doc_search>0</doc_search>
      <gpu>0</gpu>
      <instrset>0</instrset>
      <locale></locale>
      <platformList>
        <platform>glnxa64</platform>
        <platform>maca64</platform>
        <platform>maci64</platform>
        <platform>win64</platform>
      </platformList>
      <size>414</size>
      <uncompressedBytes>509</uncompressedBytes>
      <version>1700443235</version>
    </component>
    <component>
      <name>matlab_license_common</name>
      <componentBaseName>matlab_license</componentBaseName>
      <componentFileName>matlab_license_common_1707126585.enc</componentFileName>
      <contentType>common</contentType>
      <demo>0</demo>
      <doc>0</doc>
      <doc_build>0</doc_build>
      <doc_search>0</doc_search>
      <gpu>0</gpu>
      <instrset>0</instrset>
      <locale></locale>
      <platformList>
        <platform>glnxa64</platform>
        <platform>maca64</platform>
        <platform>maci64</platform>
        <platform>win64</platform>
      </platformList>
      <size>3326409</size>
      <uncompressedBytes>3511393</uncompressedBytes>
      <version>1707126585</version>
    </component>
    <component>
      <name>version_info_common</name>
      <componentBaseName>version_info</componentBaseName>
      <componentFileName>version_info_common_1719255497.enc</componentFileName>
      <contentType>common</contentType>
      <demo>0</demo>
      <doc>0</doc>
      <doc_build>0</doc_build>
      <doc_search>0</doc_search>
      <gpu>0</gpu>
      <instrset>0</instrset>
      <locale></locale>
      <platformList>
        <platform>glnxa64</platform>
        <platform>maca64</platform>
        <platform>maci64</platform>
        <platform>win64</platform>
      </platformList>
      <size>340</size>
      <uncompressedBytes>311</uncompressedBytes>
      <version>1719255497</version>
    </component>
    <component>
      <name>3p/flexnet_license_server_common</name>
      <componentBaseName>3p/flexnet_license_server</componentBaseName>
      <componentFileName>3p/flexnet_license_server_common_1700435026.enc</componentFileName>
      <contentType>common</contentType>
      <demo>0</demo>
      <doc>0</doc>
      <doc_build>0</doc_build>
      <doc_search>0</doc_search>
      <gpu>0</gpu>
      <instrset>0</instrset>
      <locale></locale>
      <platformList>
        <platform>glnxa64</platform>
        <platform>maca64</platform>
        <platform>maci64</platform>
        <platform>win64</platform>
      </platformList>
      <size>2466977</size>
      <uncompressedBytes>3404062</uncompressedBytes>
      <version>1700435026</version>
    </component>
  </dependsOn>
  <installerUsage>
    <usage>professional</usage>
  </installerUsage>
  <isControllingProduct>false</isControllingProduct>
  <licenseAgreementType></licenseAgreementType>
  <platformList>
    <platform>glnxa64</platform>
    <platform>maca64</platform>
    <platform>maci64</platform>
    <platform>win64</platform>
  </platformList>
  <productBaseCode>LICENSEMANAGER</productBaseCode>
  <productName>Network License Manager</productName>
  <productNumber>0</productNumber>
  <productType>licensedProduct</productType>
  <productVersion>24.1</productVersion>
  <releaseDescription>R2024a</releaseDescription>
  <releaseFamily>R2024a</releaseFamily>
  <requiredProducts>
  </requiredProducts>
</productData>
