<?xml version='1.0' standalone='yes'?>
<contents>
  <componentFiles>license_manager_glnxa64_1713995939.enc</componentFiles>
  <componentFiles>3p/flexnet_license_server_glnxa64_1700442622.enc</componentFiles>
  <componentFiles>gcc_runtime_glnxa64_1700442614.enc</componentFiles>
  <componentFiles>3p/glibc-2.17_shim_glnxa64_1713995715.enc</componentFiles>
  <componentFiles>bin_utils_glnxa64_1707126552.enc</componentFiles>
  <definitions>license_manager_glnxa64_1713995939.json</definitions>
  <definitions>3p/flexnet_license_server_glnxa64_1700442622.json</definitions>
  <definitions>gcc_runtime_glnxa64_1700442614.json</definitions>
  <definitions>3p/glibc-2.17_shim_glnxa64_1713995715.json</definitions>
  <definitions>bin_utils_glnxa64_1707126552.json</definitions>
  <definitions>productdata_Network_License_Manager241_glnxa64.xml</definitions>
</contents>
