<?xml version='1.0' standalone='yes'?>
<productAdditionalComps>
  <dependsOn>
    <component>
      <name>license_manager_glnxa64</name>
      <componentBaseName>license_manager</componentBaseName>
      <componentFileName>license_manager_glnxa64_1713995939.enc</componentFileName>
      <contentType>glnxa64</contentType>
      <demo>0</demo>
      <doc>0</doc>
      <doc_build>0</doc_build>
      <doc_search>0</doc_search>
      <gpu>0</gpu>
      <instrset>0</instrset>
      <locale></locale>
      <platformList>
        <platform>glnxa64</platform>
      </platformList>
      <size>5601296</size>
      <uncompressedBytes>13793915</uncompressedBytes>
      <version>1713995939</version>
    </component>
    <component>
      <name>3p/flexnet_license_server_glnxa64</name>
      <componentBaseName>3p/flexnet_license_server</componentBaseName>
      <componentFileName>3p/flexnet_license_server_glnxa64_1700442622.enc</componentFileName>
      <contentType>glnxa64</contentType>
      <demo>0</demo>
      <doc>0</doc>
      <doc_build>0</doc_build>
      <doc_search>0</doc_search>
      <gpu>0</gpu>
      <instrset>0</instrset>
      <locale></locale>
      <platformList>
        <platform>glnxa64</platform>
      </platformList>
      <size>1735562</size>
      <uncompressedBytes>4142448</uncompressedBytes>
      <version>1700442622</version>
    </component>
    <component>
      <name>gcc_runtime_glnxa64</name>
      <componentBaseName>gcc_runtime</componentBaseName>
      <componentFileName>gcc_runtime_glnxa64_1700442614.enc</componentFileName>
      <contentType>glnxa64</contentType>
      <demo>0</demo>
      <doc>0</doc>
      <doc_build>0</doc_build>
      <doc_search>0</doc_search>
      <gpu>0</gpu>
      <instrset>0</instrset>
      <locale></locale>
      <platformList>
        <platform>glnxa64</platform>
      </platformList>
      <size>676846</size>
      <uncompressedBytes>2008602</uncompressedBytes>
      <version>1700442614</version>
    </component>
    <component>
      <name>3p/glibc-2.17_shim_glnxa64</name>
      <componentBaseName>3p/glibc-2.17_shim</componentBaseName>
      <componentFileName>3p/glibc-2.17_shim_glnxa64_1713995715.enc</componentFileName>
      <contentType>glnxa64</contentType>
      <demo>0</demo>
      <doc>0</doc>
      <doc_build>0</doc_build>
      <doc_search>0</doc_search>
      <gpu>0</gpu>
      <instrset>0</instrset>
      <locale></locale>
      <platformList>
        <platform>glnxa64</platform>
      </platformList>
      <size>645099</size>
      <uncompressedBytes>1931995</uncompressedBytes>
      <version>1713995715</version>
    </component>
    <component>
      <name>bin_utils_glnxa64</name>
      <componentBaseName>bin_utils</componentBaseName>
      <componentFileName>bin_utils_glnxa64_1707126552.enc</componentFileName>
      <contentType>glnxa64</contentType>
      <demo>0</demo>
      <doc>0</doc>
      <doc_build>0</doc_build>
      <doc_search>0</doc_search>
      <gpu>0</gpu>
      <instrset>0</instrset>
      <locale></locale>
      <platformList>
        <platform>glnxa64</platform>
      </platformList>
      <size>6390</size>
      <uncompressedBytes>28436</uncompressedBytes>
      <version>1707126552</version>
    </component>
  </dependsOn>
  <isControllingProduct>false</isControllingProduct>
  <licenseAgreementType></licenseAgreementType>
  <platform>glnxa64</platform>
  <productBaseCode>LICENSEMANAGER</productBaseCode>
  <productName>Network License Manager</productName>
  <productNumber>0</productNumber>
  <productType>licensedProduct</productType>
  <productVersion>24.1</productVersion>
  <releaseDescription>R2024a</releaseDescription>
  <releaseFamily>R2024a</releaseFamily>
</productAdditionalComps>
